{
  "POST /products/add" : {
    "transaction" : "POST /products/add",
    "sampleCount" : 2115,
    "errorCount" : 6,
    "errorPct" : 0.28368795,
    "meanResTime" : 443.90638297872385,
    "medianResTime" : 408.0,
    "minResTime" : 172.0,
    "maxResTime" : 3100.0,
    "pct1ResTime" : 420.0,
    "pct2ResTime" : 446.39999999999964,
    "pct3ResTime" : 2543.880000000001,
    "throughput" : 37.579289635933975,
    "receivedKBytesPerSec" : 41.05327786020149,
    "sentKBytesPerSec" : 9.234841131998365
  },
  "PUT /products/1" : {
    "transaction" : "PUT /products/1",
    "sampleCount" : 2100,
    "errorCount" : 8,
    "errorPct" : 0.3809524,
    "meanResTime" : 431.46142857142814,
    "medianResTime" : 414.0,
    "minResTime" : 37.0,
    "maxResTime" : 1021.0,
    "pct1ResTime" : 458.0,
    "pct2ResTime" : 529.0,
    "pct3ResTime" : 834.9899999999998,
    "throughput" : 39.142590866728796,
    "receivedKBytesPerSec" : 60.87437383504194,
    "sentKBytesPerSec" : 8.715342497670084
  },
  "Total" : {
    "transaction" : "Total",
    "sampleCount" : 6302,
    "errorCount" : 17,
    "errorPct" : 0.26975563,
    "meanResTime" : 430.2865756902568,
    "medianResTime" : 411.0,
    "minResTime" : 37.0,
    "maxResTime" : 3100.0,
    "pct1ResTime" : 428.0,
    "pct2ResTime" : 474.84999999999945,
    "pct3ResTime" : 833.9700000000003,
    "throughput" : 111.9619094995292,
    "receivedKBytesPerSec" : 194.83545268001492,
    "sentKBytesPerSec" : 24.963700960035176
  },
  "DELETE /products/1" : {
    "transaction" : "DELETE /products/1",
    "sampleCount" : 2087,
    "errorCount" : 3,
    "errorPct" : 0.143747,
    "meanResTime" : 415.3018687110687,
    "medianResTime" : 410.0,
    "minResTime" : 207.0,
    "maxResTime" : 1102.0,
    "pct1ResTime" : 423.0,
    "pct2ResTime" : 433.0,
    "pct3ResTime" : 550.1199999999999,
    "throughput" : 39.45850900909417,
    "receivedKBytesPerSec" : 101.91286679208183,
    "sentKBytesPerSec" : 7.899408541859674
  }
}