{
  "GET Posts (paged)" : {
    "transaction" : "GET Posts (paged)",
    "sampleCount" : 2192,
    "errorCount" : 0,
    "errorPct" : 0.0,
    "meanResTime" : 413.5757299270071,
    "medianResTime" : 410.0,
    "minResTime" : 396.0,
    "maxResTime" : 885.0,
    "pct1ResTime" : 423.0,
    "pct2ResTime" : 430.3499999999999,
    "pct3ResTime" : 489.6300000000015,
    "throughput" : 37.277009676377055,
    "receivedKBytesPerSec" : 359.14854205992896,
    "sentKBytesPerSec" : 7.095128543611721
  },
  "GET Products (paged)" : {
    "transaction" : "GET Products (paged)",
    "sampleCount" : 2229,
    "errorCount" : 0,
    "errorPct" : 0.0,
    "meanResTime" : 419.9771197846567,
    "medianResTime" : 413.0,
    "minResTime" : 398.0,
    "maxResTime" : 1391.0,
    "pct1ResTime" : 430.0,
    "pct2ResTime" : 449.0,
    "pct3ResTime" : 550.9999999999982,
    "throughput" : 37.00260628496489,
    "receivedKBytesPerSec" : 1138.262276100201,
    "sentKBytesPerSec" : 7.151509897035144
  },
  "Total" : {
    "transaction" : "Total",
    "sampleCount" : 6632,
    "errorCount" : 0,
    "errorPct" : 0.0,
    "meanResTime" : 416.97044632086926,
    "medianResTime" : 412.0,
    "minResTime" : 396.0,
    "maxResTime" : 1391.0,
    "pct1ResTime" : 427.0,
    "pct2ResTime" : 438.34999999999945,
    "pct3ResTime" : 520.3400000000001,
    "throughput" : 110.08930646392882,
    "receivedKBytesPerSec" : 2528.197840973698,
    "sentKBytesPerSec" : 21.06267092518509
  },
  "GET Users (paged)" : {
    "transaction" : "GET Users (paged)",
    "sampleCount" : 2211,
    "errorCount" : 0,
    "errorPct" : 0.0,
    "meanResTime" : 417.3048394391677,
    "medianResTime" : 413.0,
    "minResTime" : 397.0,
    "maxResTime" : 856.0,
    "pct1ResTime" : 427.79999999999995,
    "pct2ResTime" : 439.4000000000001,
    "pct3ResTime" : 531.1600000000008,
    "throughput" : 37.32023496050233,
    "receivedKBytesPerSec" : 1056.9323706567332,
    "sentKBytesPerSec" : 7.103550966131591
  }
}