{
  "GET Todos" : {
    "transaction" : "GET Todos",
    "sampleCount" : 2208,
    "errorCount" : 2,
    "errorPct" : 0.09057971,
    "meanResTime" : 412.2694746376814,
    "medianResTime" : 408.0,
    "minResTime" : 140.0,
    "maxResTime" : 1151.0,
    "pct1ResTime" : 418.0,
    "pct2ResTime" : 423.0,
    "pct3ResTime" : 522.6599999999962,
    "throughput" : 37.466275261737906,
    "receivedKBytesPerSec" : 98.59034173340913,
    "sentKBytesPerSec" : 7.1309295354470335
  },
  "Total" : {
    "transaction" : "Total",
    "sampleCount" : 6623,
    "errorCount" : 12,
    "errorPct" : 0.18118678,
    "meanResTime" : 415.0921032764612,
    "medianResTime" : 409.0,
    "minResTime" : 140.0,
    "maxResTime" : 1549.0,
    "pct1ResTime" : 420.0,
    "pct2ResTime" : 427.0,
    "pct3ResTime" : 568.2800000000007,
    "throughput" : 109.89977432629762,
    "receivedKBytesPerSec" : 1278.0481214686629,
    "sentKBytesPerSec" : 23.039284699405947
  },
  "GET Products" : {
    "transaction" : "GET Products",
    "sampleCount" : 2224,
    "errorCount" : 1,
    "errorPct" : 0.04496403,
    "meanResTime" : 421.12544964028825,
    "medianResTime" : 413.0,
    "minResTime" : 398.0,
    "maxResTime" : 1549.0,
    "pct1ResTime" : 426.0,
    "pct2ResTime" : 441.5,
    "pct3ResTime" : 586.25,
    "throughput" : 36.917152200255636,
    "receivedKBytesPerSec" : 1142.3500610288747,
    "sentKBytesPerSec" : 7.135019187913948
  },
  "POST Add Product" : {
    "transaction" : "POST Add Product",
    "sampleCount" : 2191,
    "errorCount" : 9,
    "errorPct" : 0.41077134,
    "meanResTime" : 411.81241442263854,
    "medianResTime" : 406.0,
    "minResTime" : 182.0,
    "maxResTime" : 1408.0,
    "pct1ResTime" : 415.0,
    "pct2ResTime" : 420.0,
    "pct3ResTime" : 599.4799999999996,
    "throughput" : 38.513596653131536,
    "receivedKBytesPerSec" : 42.03752318110707,
    "sentKBytesPerSec" : 9.463295573397318
  }
}