{
  "POST /products/add" : {
    "transaction" : "POST /products/add",
    "sampleCount" : 2190,
    "errorCount" : 0,
    "errorPct" : 0.0,
    "meanResTime" : 420.90228310502306,
    "medianResTime" : 411.0,
    "minResTime" : 394.0,
    "maxResTime" : 1320.0,
    "pct1ResTime" : 426.0,
    "pct2ResTime" : 440.0,
    "pct3ResTime" : 745.8100000000013,
    "throughput" : 37.383496637192316,
    "receivedKBytesPerSec" : 40.88819944692909,
    "sentKBytesPerSec" : 9.18617546772046
  },
  "PUT /products/1" : {
    "transaction" : "PUT /products/1",
    "sampleCount" : 2178,
    "errorCount" : 2,
    "errorPct" : 0.09182736,
    "meanResTime" : 421.4462809917356,
    "medianResTime" : 407.0,
    "minResTime" : 154.0,
    "maxResTime" : 1189.0,
    "pct1ResTime" : 431.0,
    "pct2ResTime" : 477.09999999999945,
    "pct3ResTime" : 827.21,
    "throughput" : 37.88748564867968,
    "receivedKBytesPerSec" : 59.05581902550186,
    "sentKBytesPerSec" : 8.432012250808892
  },
  "Total" : {
    "transaction" : "Total",
    "sampleCount" : 6527,
    "errorCount" : 2,
    "errorPct" : 0.030641949,
    "meanResTime" : 420.1268576681484,
    "medianResTime" : 411.0,
    "minResTime" : 154.0,
    "maxResTime" : 1320.0,
    "pct1ResTime" : 428.0,
    "pct2ResTime" : 444.0,
    "pct3ResTime" : 687.2400000000107,
    "throughput" : 111.28350269385528,
    "receivedKBytesPerSec" : 193.88761652415945,
    "sentKBytesPerSec" : 24.80885335858112
  },
  "DELETE /products/1" : {
    "transaction" : "DELETE /products/1",
    "sampleCount" : 2159,
    "errorCount" : 0,
    "errorPct" : 0.0,
    "meanResTime" : 418.00926354793944,
    "medianResTime" : 413.0,
    "minResTime" : 395.0,
    "maxResTime" : 1119.0,
    "pct1ResTime" : 429.0,
    "pct2ResTime" : 438.0,
    "pct3ResTime" : 517.4000000000019,
    "throughput" : 38.19346164732522,
    "receivedKBytesPerSec" : 98.74223697769247,
    "sentKBytesPerSec" : 7.6461519899430375
  }
}