{
  "GET Posts (paged)" : {
    "transaction" : "GET Posts (paged)",
    "sampleCount" : 2166,
    "errorCount" : 0,
    "errorPct" : 0.0,
    "meanResTime" : 419.63758079409115,
    "medianResTime" : 416.0,
    "minResTime" : 401.0,
    "maxResTime" : 1101.0,
    "pct1ResTime" : 426.0,
    "pct2ResTime" : 431.0,
    "pct3ResTime" : 481.9899999999998,
    "throughput" : 36.76732698477364,
    "receivedKBytesPerSec" : 354.45649740710564,
    "sentKBytesPerSec" : 6.9983746668703635
  },
  "GET Products (paged)" : {
    "transaction" : "GET Products (paged)",
    "sampleCount" : 2201,
    "errorCount" : 0,
    "errorPct" : 0.0,
    "meanResTime" : 426.34575193094,
    "medianResTime" : 418.0,
    "minResTime" : 403.0,
    "maxResTime" : 1577.0,
    "pct1ResTime" : 431.0,
    "pct2ResTime" : 438.9000000000001,
    "pct3ResTime" : 634.8600000000001,
    "throughput" : 36.49780283558577,
    "receivedKBytesPerSec" : 1137.3797777962027,
    "sentKBytesPerSec" : 7.0539374067241525
  },
  "Total" : {
    "transaction" : "Total",
    "sampleCount" : 6546,
    "errorCount" : 0,
    "errorPct" : 0.0,
    "meanResTime" : 422.5438435685918,
    "medianResTime" : 417.0,
    "minResTime" : 401.0,
    "maxResTime" : 1577.0,
    "pct1ResTime" : 429.0,
    "pct2ResTime" : 434.0,
    "pct3ResTime" : 522.5299999999997,
    "throughput" : 108.49064421499247,
    "receivedKBytesPerSec" : 2496.164657077125,
    "sentKBytesPerSec" : 20.75743583953461
  },
  "GET Users (paged)" : {
    "transaction" : "GET Users (paged)",
    "sampleCount" : 2179,
    "errorCount" : 0,
    "errorPct" : 0.0,
    "meanResTime" : 421.59247361174886,
    "medianResTime" : 418.0,
    "minResTime" : 402.0,
    "maxResTime" : 1071.0,
    "pct1ResTime" : 429.0,
    "pct2ResTime" : 434.0,
    "pct3ResTime" : 481.99999999999636,
    "throughput" : 36.695239217931665,
    "receivedKBytesPerSec" : 1029.622483543768,
    "sentKBytesPerSec" : 6.984935601244506
  }
}