{
  "POST /products/add" : {
    "transaction" : "POST /products/add",
    "sampleCount" : 2225,
    "errorCount" : 2,
    "errorPct" : 0.08988764,
    "meanResTime" : 424.880898876404,
    "medianResTime" : 406.0,
    "minResTime" : 289.0,
    "maxResTime" : 1848.0,
    "pct1ResTime" : 419.0,
    "pct2ResTime" : 432.0,
    "pct3ResTime" : 1147.9599999999991,
    "throughput" : 37.50906117770023,
    "receivedKBytesPerSec" : 40.979933442488914,
    "sentKBytesPerSec" : 9.216274639027967
  },
  "PUT /products/1" : {
    "transaction" : "PUT /products/1",
    "sampleCount" : 2213,
    "errorCount" : 0,
    "errorPct" : 0.0,
    "meanResTime" : 412.0225937641214,
    "medianResTime" : 405.0,
    "minResTime" : 398.0,
    "maxResTime" : 1152.0,
    "pct1ResTime" : 412.0,
    "pct2ResTime" : 417.0,
    "pct3ResTime" : 686.6200000000085,
    "throughput" : 38.0325502259955,
    "receivedKBytesPerSec" : 59.26927272199976,
    "sentKBytesPerSec" : 8.46818501125681
  },
  "Total" : {
    "transaction" : "Total",
    "sampleCount" : 6632,
    "errorCount" : 2,
    "errorPct" : 0.030156815,
    "meanResTime" : 416.34212907116984,
    "medianResTime" : 406.0,
    "minResTime" : 289.0,
    "maxResTime" : 1848.0,
    "pct1ResTime" : 417.0,
    "pct2ResTime" : 423.0,
    "pct3ResTime" : 830.3400000000001,
    "throughput" : 111.80228931708223,
    "receivedKBytesPerSec" : 194.7216796051855,
    "sentKBytesPerSec" : 24.927375582654797
  },
  "DELETE /products/1" : {
    "transaction" : "DELETE /products/1",
    "sampleCount" : 2194,
    "errorCount" : 0,
    "errorPct" : 0.0,
    "meanResTime" : 412.0396536007292,
    "medianResTime" : 408.0,
    "minResTime" : 394.0,
    "maxResTime" : 882.0,
    "pct1ResTime" : 419.0,
    "pct2ResTime" : 423.0,
    "pct3ResTime" : 486.550000000002,
    "throughput" : 38.25832214414006,
    "receivedKBytesPerSec" : 98.8910574005615,
    "sentKBytesPerSec" : 7.6591367573717895
  }
}