{
  "POST /products/add" : {
    "transaction" : "POST /products/add",
    "sampleCount" : 2238,
    "errorCount" : 2,
    "errorPct" : 0.089365505,
    "meanResTime" : 415.5165326184094,
    "medianResTime" : 408.0,
    "minResTime" : 267.0,
    "maxResTime" : 1535.0,
    "pct1ResTime" : 417.0,
    "pct2ResTime" : 423.0,
    "pct3ResTime" : 547.4900000000011,
    "throughput" : 38.12022006847332,
    "receivedKBytesPerSec" : 41.66248600086869,
    "sentKBytesPerSec" : 9.368622544030726
  },
  "PUT /products/1" : {
    "transaction" : "PUT /products/1",
    "sampleCount" : 2220,
    "errorCount" : 3,
    "errorPct" : 0.13513513,
    "meanResTime" : 412.06846846846895,
    "medianResTime" : 406.0,
    "minResTime" : 307.0,
    "maxResTime" : 1170.0,
    "pct1ResTime" : 418.0,
    "pct2ResTime" : 424.0,
    "pct3ResTime" : 517.4799999999996,
    "throughput" : 38.58386777204234,
    "receivedKBytesPerSec" : 60.085894457045036,
    "sentKBytesPerSec" : 8.590939308618802
  },
  "Total" : {
    "transaction" : "Total",
    "sampleCount" : 6666,
    "errorCount" : 5,
    "errorPct" : 0.0750075,
    "meanResTime" : 412.9491449144918,
    "medianResTime" : 408.0,
    "minResTime" : 267.0,
    "maxResTime" : 1535.0,
    "pct1ResTime" : 418.0,
    "pct2ResTime" : 423.0,
    "pct3ResTime" : 500.3299999999999,
    "throughput" : 113.5430683540854,
    "receivedKBytesPerSec" : 197.7725944914749,
    "sentKBytesPerSec" : 25.31725265185065
  },
  "DELETE /products/1" : {
    "transaction" : "DELETE /products/1",
    "sampleCount" : 2208,
    "errorCount" : 0,
    "errorPct" : 0.0,
    "meanResTime" : 411.2323369565216,
    "medianResTime" : 410.0,
    "minResTime" : 399.0,
    "maxResTime" : 615.0,
    "pct1ResTime" : 419.0,
    "pct2ResTime" : 423.0,
    "pct3ResTime" : 438.0,
    "throughput" : 38.91434614028904,
    "receivedKBytesPerSec" : 100.59757225942897,
    "sentKBytesPerSec" : 7.790469686288333
  }
}