{
  "GET Posts (paged)" : {
    "transaction" : "GET Posts (paged)",
    "sampleCount" : 2188,
    "errorCount" : 4,
    "errorPct" : 0.18281536,
    "meanResTime" : 415.0214808043876,
    "medianResTime" : 409.0,
    "minResTime" : 224.0,
    "maxResTime" : 1300.0,
    "pct1ResTime" : 422.0,
    "pct2ResTime" : 430.0,
    "pct3ResTime" : 543.5900000000088,
    "throughput" : 37.58739757090584,
    "receivedKBytesPerSec" : 361.3116003901754,
    "sentKBytesPerSec" : 7.154619213937228
  },
  "GET Products (paged)" : {
    "transaction" : "GET Products (paged)",
    "sampleCount" : 2217,
    "errorCount" : 6,
    "errorPct" : 0.270636,
    "meanResTime" : 422.8655841226885,
    "medianResTime" : 412.0,
    "minResTime" : 49.0,
    "maxResTime" : 1638.0,
    "pct1ResTime" : 427.0,
    "pct2ResTime" : 446.0,
    "pct3ResTime" : 885.9600000000128,
    "throughput" : 36.78080828190324,
    "receivedKBytesPerSec" : 1124.6985546175094,
    "sentKBytesPerSec" : 7.108625193899727
  },
  "Total" : {
    "transaction" : "Total",
    "sampleCount" : 6605,
    "errorCount" : 19,
    "errorPct" : 0.28766087,
    "meanResTime" : 418.3965177895535,
    "medianResTime" : 411.0,
    "minResTime" : 49.0,
    "maxResTime" : 1638.0,
    "pct1ResTime" : 425.0,
    "pct2ResTime" : 435.0,
    "pct3ResTime" : 609.8799999999992,
    "throughput" : 109.53565505804312,
    "receivedKBytesPerSec" : 2500.515262230514,
    "sentKBytesPerSec" : 20.95706364013267
  },
  "GET Users (paged)" : {
    "transaction" : "GET Users (paged)",
    "sampleCount" : 2200,
    "errorCount" : 9,
    "errorPct" : 0.4090909,
    "meanResTime" : 417.24954545454557,
    "medianResTime" : 412.0,
    "minResTime" : 132.0,
    "maxResTime" : 1529.0,
    "pct1ResTime" : 425.0,
    "pct2ResTime" : 434.0,
    "pct3ResTime" : 546.9799999999996,
    "throughput" : 37.505540591223706,
    "receivedKBytesPerSec" : 1056.2315568901513,
    "sentKBytesPerSec" : 7.138905285724027
  }
}