{
  "Solicitudget_masivo" : {
    "transaction" : "Solicitudget_masivo",
    "sampleCount" : 12159,
    "errorCount" : 0,
    "errorPct" : 0.0,
    "meanResTime" : 37.95353236285888,
    "medianResTime" : 36.0,
    "minResTime" : 29.0,
    "maxResTime" : 1035.0,
    "pct1ResTime" : 42.0,
    "pct2ResTime" : 47.0,
    "pct3ResTime" : 71.0,
    "throughput" : 203.90742914640282,
    "receivedKBytesPerSec" : 8571.75816624392,
    "sentKBytesPerSec" : 23.89540185309408
  },
  "Total" : {
    "transaction" : "Total",
    "sampleCount" : 12159,
    "errorCount" : 0,
    "errorPct" : 0.0,
    "meanResTime" : 37.95353236285888,
    "medianResTime" : 36.0,
    "minResTime" : 29.0,
    "maxResTime" : 1035.0,
    "pct1ResTime" : 42.0,
    "pct2ResTime" : 47.0,
    "pct3ResTime" : 71.0,
    "throughput" : 203.90742914640282,
    "receivedKBytesPerSec" : 8571.75816624392,
    "sentKBytesPerSec" : 23.89540185309408
  }
}