{
  "GET Posts (paged)" : {
    "transaction" : "GET Posts (paged)",
    "sampleCount" : 2187,
    "errorCount" : 0,
    "errorPct" : 0.0,
    "meanResTime" : 415.66026520347475,
    "medianResTime" : 410.0,
    "minResTime" : 396.0,
    "maxResTime" : 925.0,
    "pct1ResTime" : 423.0,
    "pct2ResTime" : 428.0,
    "pct3ResTime" : 567.7599999999975,
    "throughput" : 37.149651775097674,
    "receivedKBytesPerSec" : 355.8768592343299,
    "sentKBytesPerSec" : 7.07134430206387
  },
  "GET Products (paged)" : {
    "transaction" : "GET Products (paged)",
    "sampleCount" : 2219,
    "errorCount" : 0,
    "errorPct" : 0.0,
    "meanResTime" : 421.43037404236173,
    "medianResTime" : 413.0,
    "minResTime" : 395.0,
    "maxResTime" : 1543.0,
    "pct1ResTime" : 427.0,
    "pct2ResTime" : 436.0,
    "pct3ResTime" : 859.0,
    "throughput" : 36.58697444352845,
    "receivedKBytesPerSec" : 1137.8309202390767,
    "sentKBytesPerSec" : 7.0717455430750205
  },
  "Total" : {
    "transaction" : "Total",
    "sampleCount" : 6609,
    "errorCount" : 0,
    "errorPct" : 0.0,
    "meanResTime" : 418.6079588440024,
    "medianResTime" : 412.0,
    "minResTime" : 395.0,
    "maxResTime" : 1543.0,
    "pct1ResTime" : 425.0,
    "pct2ResTime" : 432.0,
    "pct3ResTime" : 827.8999999999196,
    "throughput" : 108.96949711459192,
    "receivedKBytesPerSec" : 2510.45015264324,
    "sentKBytesPerSec" : 20.849585222588622
  },
  "GET Users (paged)" : {
    "transaction" : "GET Users (paged)",
    "sampleCount" : 2203,
    "errorCount" : 0,
    "errorPct" : 0.0,
    "meanResTime" : 418.69133000453945,
    "medianResTime" : 413.0,
    "minResTime" : 395.0,
    "maxResTime" : 1087.0,
    "pct1ResTime" : 425.0,
    "pct2ResTime" : 431.0,
    "pct3ResTime" : 624.96,
    "throughput" : 37.122539768131574,
    "receivedKBytesPerSec" : 1049.792493633518,
    "sentKBytesPerSec" : 7.066189294621192
  }
}