{
  "GET Todos" : {
    "transaction" : "GET Todos",
    "sampleCount" : 2194,
    "errorCount" : 0,
    "errorPct" : 0.0,
    "meanResTime" : 412.5022789425702,
    "medianResTime" : 411.0,
    "minResTime" : 395.0,
    "maxResTime" : 667.0,
    "pct1ResTime" : 421.0,
    "pct2ResTime" : 426.0,
    "pct3ResTime" : 443.0500000000002,
    "throughput" : 37.51325103443559,
    "receivedKBytesPerSec" : 99.50469917480252,
    "sentKBytesPerSec" : 7.140447473540677
  },
  "Total" : {
    "transaction" : "Total",
    "sampleCount" : 6583,
    "errorCount" : 0,
    "errorPct" : 0.0,
    "meanResTime" : 416.0689655172419,
    "medianResTime" : 412.0,
    "minResTime" : 394.0,
    "maxResTime" : 1577.0,
    "pct1ResTime" : 426.0,
    "pct2ResTime" : 433.0,
    "pct3ResTime" : 502.15999999999985,
    "throughput" : 109.55598455598457,
    "receivedKBytesPerSec" : 1286.549161490231,
    "sentKBytesPerSec" : 22.966884896942815
  },
  "GET Products" : {
    "transaction" : "GET Products",
    "sampleCount" : 2212,
    "errorCount" : 0,
    "errorPct" : 0.0,
    "meanResTime" : 424.36844484629216,
    "medianResTime" : 417.0,
    "minResTime" : 398.0,
    "maxResTime" : 1577.0,
    "pct1ResTime" : 434.0,
    "pct2ResTime" : 452.0,
    "pct3ResTime" : 550.4799999999996,
    "throughput" : 36.83290317209225,
    "receivedKBytesPerSec" : 1150.741637873616,
    "sentKBytesPerSec" : 7.118799954208642
  },
  "POST Add Product" : {
    "transaction" : "POST Add Product",
    "sampleCount" : 2177,
    "errorCount" : 0,
    "errorPct" : 0.0,
    "meanResTime" : 411.23059255856754,
    "medianResTime" : 410.0,
    "minResTime" : 394.0,
    "maxResTime" : 818.0,
    "pct1ResTime" : 420.0,
    "pct2ResTime" : 424.0,
    "pct3ResTime" : 452.2199999999998,
    "throughput" : 38.825774464518204,
    "receivedKBytesPerSec" : 42.42380405534947,
    "sentKBytesPerSec" : 9.539662882773627
  }
}