{
  "GET Posts (paged)" : {
    "transaction" : "GET Posts (paged)",
    "sampleCount" : 2160,
    "errorCount" : 0,
    "errorPct" : 0.0,
    "meanResTime" : 420.02453703703674,
    "medianResTime" : 414.0,
    "minResTime" : 397.0,
    "maxResTime" : 1108.0,
    "pct1ResTime" : 431.0,
    "pct2ResTime" : 438.0,
    "pct3ResTime" : 510.4299999999953,
    "throughput" : 36.66485605649104,
    "receivedKBytesPerSec" : 355.9873499085501,
    "sentKBytesPerSec" : 6.978877791239476
  },
  "GET Products (paged)" : {
    "transaction" : "GET Products (paged)",
    "sampleCount" : 2194,
    "errorCount" : 0,
    "errorPct" : 0.0,
    "meanResTime" : 425.65542388331863,
    "medianResTime" : 418.0,
    "minResTime" : 399.0,
    "maxResTime" : 1133.0,
    "pct1ResTime" : 437.0,
    "pct2ResTime" : 448.0,
    "pct3ResTime" : 609.2500000000009,
    "throughput" : 36.41614659407781,
    "receivedKBytesPerSec" : 1135.8147229731692,
    "sentKBytesPerSec" : 7.038647807811048
  },
  "Total" : {
    "transaction" : "Total",
    "sampleCount" : 6531,
    "errorCount" : 0,
    "errorPct" : 0.0,
    "meanResTime" : 423.31848109018523,
    "medianResTime" : 416.0,
    "minResTime" : 397.0,
    "maxResTime" : 1133.0,
    "pct1ResTime" : 435.0,
    "pct2ResTime" : 443.0,
    "pct3ResTime" : 573.7200000000012,
    "throughput" : 108.3120501509171,
    "receivedKBytesPerSec" : 2493.8130365279526,
    "sentKBytesPerSec" : 20.72358652546519
  },
  "GET Users (paged)" : {
    "transaction" : "GET Users (paged)",
    "sampleCount" : 2177,
    "errorCount" : 0,
    "errorPct" : 0.0,
    "meanResTime" : 424.2315112540191,
    "medianResTime" : 417.0,
    "minResTime" : 399.0,
    "maxResTime" : 921.0,
    "pct1ResTime" : 436.0,
    "pct2ResTime" : 444.0,
    "pct3ResTime" : 592.2599999999934,
    "throughput" : 36.692454197636984,
    "receivedKBytesPerSec" : 1027.6153492956885,
    "sentKBytesPerSec" : 6.984320485917985
  }
}