{
  "GET Todos" : {
    "transaction" : "GET Todos",
    "sampleCount" : 2190,
    "errorCount" : 0,
    "errorPct" : 0.0,
    "meanResTime" : 417.4068493150685,
    "medianResTime" : 411.0,
    "minResTime" : 394.0,
    "maxResTime" : 1110.0,
    "pct1ResTime" : 422.0,
    "pct2ResTime" : 427.4499999999998,
    "pct3ResTime" : 858.0900000000001,
    "throughput" : 37.035158033585304,
    "receivedKBytesPerSec" : 97.54277764213721,
    "sentKBytesPerSec" : 7.049422752523971
  },
  "Total" : {
    "transaction" : "Total",
    "sampleCount" : 6568,
    "errorCount" : 1,
    "errorPct" : 0.015225335,
    "meanResTime" : 420.09500609013327,
    "medianResTime" : 412.0,
    "minResTime" : 326.0,
    "maxResTime" : 1183.0,
    "pct1ResTime" : 425.0,
    "pct2ResTime" : 434.0,
    "pct3ResTime" : 858.3099999999995,
    "throughput" : 108.96723351306511,
    "receivedKBytesPerSec" : 1266.708186437163,
    "sentKBytesPerSec" : 22.842602913728744
  },
  "GET Products" : {
    "transaction" : "GET Products",
    "sampleCount" : 2208,
    "errorCount" : 0,
    "errorPct" : 0.0,
    "meanResTime" : 424.95742753623205,
    "medianResTime" : 416.0,
    "minResTime" : 397.0,
    "maxResTime" : 1126.0,
    "pct1ResTime" : 432.0,
    "pct2ResTime" : 448.5499999999997,
    "pct3ResTime" : 868.9099999999999,
    "throughput" : 36.632102861883034,
    "receivedKBytesPerSec" : 1131.6471867223145,
    "sentKBytesPerSec" : 7.079855350476981
  },
  "POST Add Product" : {
    "transaction" : "POST Add Product",
    "sampleCount" : 2170,
    "errorCount" : 1,
    "errorPct" : 0.04608295,
    "meanResTime" : 417.86036866359467,
    "medianResTime" : 409.0,
    "minResTime" : 326.0,
    "maxResTime" : 1183.0,
    "pct1ResTime" : 419.0,
    "pct2ResTime" : 425.0,
    "pct3ResTime" : 717.29,
    "throughput" : 37.5445517145922,
    "receivedKBytesPerSec" : 41.053404745838954,
    "sentKBytesPerSec" : 9.22603020433233
  }
}