{
  "GET Todos" : {
    "transaction" : "GET Todos",
    "sampleCount" : 2210,
    "errorCount" : 0,
    "errorPct" : 0.0,
    "meanResTime" : 412.39773755656046,
    "medianResTime" : 411.0,
    "minResTime" : 394.0,
    "maxResTime" : 752.0,
    "pct1ResTime" : 423.0,
    "pct2ResTime" : 427.4499999999998,
    "pct3ResTime" : 454.8899999999999,
    "throughput" : 37.327928384427,
    "receivedKBytesPerSec" : 98.6352372054725,
    "sentKBytesPerSec" : 7.10499733447344
  },
  "Total" : {
    "transaction" : "Total",
    "sampleCount" : 6629,
    "errorCount" : 1,
    "errorPct" : 0.0150852315,
    "meanResTime" : 415.7559209533857,
    "medianResTime" : 412.0,
    "minResTime" : 259.0,
    "maxResTime" : 1236.0,
    "pct1ResTime" : 427.0,
    "pct2ResTime" : 436.0,
    "pct3ResTime" : 500.0,
    "throughput" : 110.03950732047409,
    "receivedKBytesPerSec" : 1276.3077592252914,
    "sentKBytesPerSec" : 23.065951703130708
  },
  "GET Products" : {
    "transaction" : "GET Products",
    "sampleCount" : 2229,
    "errorCount" : 0,
    "errorPct" : 0.0,
    "meanResTime" : 423.35666218034925,
    "medianResTime" : 416.0,
    "minResTime" : 397.0,
    "maxResTime" : 1236.0,
    "pct1ResTime" : 437.0,
    "pct2ResTime" : 461.0,
    "pct3ResTime" : 558.3999999999996,
    "throughput" : 37.00629223183305,
    "receivedKBytesPerSec" : 1139.7988138250628,
    "sentKBytesPerSec" : 7.152514117053775
  },
  "POST Add Product" : {
    "transaction" : "POST Add Product",
    "sampleCount" : 2190,
    "errorCount" : 1,
    "errorPct" : 0.0456621,
    "meanResTime" : 411.408675799087,
    "medianResTime" : 409.0,
    "minResTime" : 259.0,
    "maxResTime" : 846.0,
    "pct1ResTime" : 421.0,
    "pct2ResTime" : 426.0,
    "pct3ResTime" : 465.09000000000015,
    "throughput" : 38.096232126082874,
    "receivedKBytesPerSec" : 41.64719861140104,
    "sentKBytesPerSec" : 9.360023527467558
  }
}