{
  "GET Posts (paged)" : {
    "transaction" : "GET Posts (paged)",
    "sampleCount" : 2154,
    "errorCount" : 0,
    "errorPct" : 0.0,
    "meanResTime" : 414.8073351903441,
    "medianResTime" : 412.0,
    "minResTime" : 398.0,
    "maxResTime" : 618.0,
    "pct1ResTime" : 426.0,
    "pct2ResTime" : 432.25,
    "pct3ResTime" : 459.34999999999945,
    "throughput" : 37.97535304384619,
    "receivedKBytesPerSec" : 366.0738733780258,
    "sentKBytesPerSec" : 7.228328958851219
  },
  "GET Products (paged)" : {
    "transaction" : "GET Products (paged)",
    "sampleCount" : 2189,
    "errorCount" : 0,
    "errorPct" : 0.0,
    "meanResTime" : 432.91685701233433,
    "medianResTime" : 415.0,
    "minResTime" : 402.0,
    "maxResTime" : 3178.0,
    "pct1ResTime" : 437.0,
    "pct2ResTime" : 454.5,
    "pct3ResTime" : 595.3999999999978,
    "throughput" : 36.707247543347755,
    "receivedKBytesPerSec" : 1150.740873494986,
    "sentKBytesPerSec" : 7.094775526545259
  },
  "Total" : {
    "transaction" : "Total",
    "sampleCount" : 6510,
    "errorCount" : 0,
    "errorPct" : 0.0,
    "meanResTime" : 422.24946236559174,
    "medianResTime" : 414.0,
    "minResTime" : 398.0,
    "maxResTime" : 3178.0,
    "pct1ResTime" : 431.0,
    "pct2ResTime" : 444.0,
    "pct3ResTime" : 496.0,
    "throughput" : 109.16591206358788,
    "receivedKBytesPerSec" : 2520.9505686510633,
    "sentKBytesPerSec" : 20.886505993854176
  },
  "GET Users (paged)" : {
    "transaction" : "GET Users (paged)",
    "sampleCount" : 2167,
    "errorCount" : 0,
    "errorPct" : 0.0,
    "meanResTime" : 418.8712505768345,
    "medianResTime" : 415.0,
    "minResTime" : 400.0,
    "maxResTime" : 641.0,
    "pct1ResTime" : 433.0,
    "pct2ResTime" : 444.0,
    "pct3ResTime" : 482.32000000000016,
    "throughput" : 37.942989214175654,
    "receivedKBytesPerSec" : 1067.1489142222738,
    "sentKBytesPerSec" : 7.221914970802984
  }
}